config,fold,params,seg_entreno,accuracy,precision,recall,f1,roc_auc,accuracy_tta,precision_tta,recall_tta,f1_tta,roc_auc_tta,ext_planet_acc,ext_planet_recall,ext_planet_espec,ext_rotterdam_acc,ext_rotterdam_recall,ext_rotterdam_espec
resnet18d_pre,0,11196257,194.2276406288147,1.0,1.0,1.0,1.0,1.0,1.0,1.0,1.0,1.0,1.0,1.0,1.0,1.0,0.8509316770186336,0.15789473684210525,1.0
resnet18d_pre,1,11196257,131.21847772598267,0.99625,0.9852216748768473,1.0,0.9925558312655087,0.9999666666666667,0.99875,0.9950248756218906,1.0,0.9975062344139651,1.0,1.0,1.0,1.0,0.8385093167701864,0.08771929824561403,1.0
resnet18d_pre,2,11196257,123.55461597442627,1.0,1.0,1.0,1.0,1.0,1.0,1.0,1.0,1.0,1.0,1.0,1.0,1.0,0.8416149068322981,0.10526315789473684,1.0
resnet18d_pre,3,11196257,120.25281000137329,0.995,0.9803921568627451,1.0,0.9900990099009901,1.0,0.9975,0.9900990099009901,1.0,0.9950248756218906,1.0,0.9850746268656716,1.0,0.9814814814814815,0.8478260869565217,0.14035087719298245,1.0
resnet18d_pre,4,11196257,120.07423329353333,0.99625,0.9852216748768473,1.0,0.9925558312655087,0.9998916666666667,0.9975,0.9900990099009901,1.0,0.9950248756218906,1.0,1.0,1.0,1.0,0.84472049689441,0.12280701754385964,1.0
cnn_geom,0,1173473,197.68201541900635,0.9925,0.970873786407767,1.0,0.9852216748768473,0.9999916666666666,0.995,0.9803921568627451,1.0,0.9900990099009901,0.999975,0.9850746268656716,1.0,0.9814814814814815,0.8385093167701864,0.08771929824561403,1.0
cnn_geom,1,1173473,211.7873957157135,0.98875,0.961352657004831,0.995,0.9778869778869779,0.9994666666666667,0.98625,0.9521531100478469,0.995,0.9731051344743277,0.9996,0.9850746268656716,1.0,0.9814814814814815,0.8354037267080745,0.07017543859649122,1.0
cnn_geom,2,1173473,495.6273946762085,0.99125,0.9707317073170731,0.995,0.9827160493827161,0.9997,0.9925,0.9754901960784313,0.995,0.9851485148514851,0.9995583333333333,0.9900497512437811,1.0,0.9876543209876543,0.8354037267080745,0.07017543859649122,1.0
cnn_geom,3,1173473,234.9988396167755,0.97875,0.9216589861751152,1.0,0.9592326139088729,0.9993583333333333,0.98,0.9299065420560748,0.995,0.961352657004831,0.9995333333333333,0.9850746268656716,1.0,0.9814814814814815,0.8291925465838509,0.03508771929824561,1.0
cnn_geom,4,1173473,202.31560707092285,0.98,0.9299065420560748,0.995,0.961352657004831,0.9991833333333333,0.985,0.9519230769230769,0.99,0.9705882352941176,0.9992916666666667,0.9850746268656716,1.0,0.9814814814814815,0.8322981366459627,0.05263157894736842,1.0
cnn_sin_aug,0,1173473,249.73276782035828,0.9975,0.9900990099009901,1.0,0.9950248756218906,1.0,0.99,0.9705882352941176,0.99,0.9801980198019802,0.9995,0.9800995024875622,1.0,0.9753086419753086,0.8416149068322981,0.10526315789473684,1.0
cnn_sin_aug,1,1173473,214.43317699432373,0.98375,0.9389671361502347,1.0,0.9685230024213075,0.999725,0.98125,0.9342723004694836,0.995,0.9636803874092009,0.9992916666666667,0.9850746268656716,1.0,0.9814814814814815,0.8416149068322981,0.10526315789473684,1.0
cnn_sin_aug,2,1173473,712.0713827610016,0.98875,0.9658536585365853,0.99,0.9777777777777777,0.999675,0.99125,0.9707317073170731,0.995,0.9827160493827161,0.9996916666666666,0.9850746268656716,1.0,0.9814814814814815,0.8416149068322981,0.10526315789473684,1.0
cnn_sin_aug,3,1173473,242.88308930397034,0.98875,0.9569377990430622,1.0,0.9779951100244498,0.9997666666666666,0.98125,0.9302325581395349,1.0,0.963855421686747,0.9994666666666667,0.9850746268656716,1.0,0.9814814814814815,0.8354037267080745,0.07017543859649122,1.0
cnn_sin_aug,4,1173473,191.7729675769806,0.9875,0.9611650485436893,0.99,0.9753694581280788,0.9996999999999999,0.97625,0.9209302325581395,0.99,0.9542168674698795,0.9988833333333333,0.9900497512437811,1.0,0.9876543209876543,0.84472049689441,0.12280701754385964,1.0
cnn_aug,0,1173473,239.75032305717468,0.97625,0.9170506912442397,0.995,0.9544364508393285,0.9996333333333334,0.9825,0.9386792452830188,0.995,0.9660194174757282,0.9997916666666666,0.9552238805970149,1.0,0.9444444444444444,0.84472049689441,0.14035087719298245,0.9962264150943396
cnn_aug,1,1173473,231.6394031047821,0.975,0.9090909090909091,1.0,0.9523809523809523,0.999425,0.97625,0.91324200913242,1.0,0.954653937947494,0.9996166666666666,0.9601990049751243,1.0,0.9506172839506173,0.8571428571428571,0.19298245614035087,1.0
cnn_aug,2,1173473,217.04943084716797,0.975,0.9090909090909091,1.0,0.9523809523809523,0.999775,0.98375,0.9389671361502347,1.0,0.9685230024213075,0.9998666666666667,0.9651741293532339,1.0,0.9567901234567902,0.8416149068322981,0.10526315789473684,1.0
cnn_aug,3,1173473,213.04112887382507,0.965,0.8771929824561403,1.0,0.9345794392523364,0.9991749999999999,0.9725,0.9009009009009009,1.0,0.9478672985781991,0.9991249999999999,0.9552238805970149,1.0,0.9444444444444444,0.8385093167701864,0.10526315789473684,0.9962264150943396
cnn_aug,4,1173473,214.91424822807312,0.98,0.9259259259259259,1.0,0.9615384615384616,0.9996916666666666,0.98125,0.9342723004694836,0.995,0.9636803874092009,0.9996416666666667,0.9552238805970149,1.0,0.9444444444444444,0.84472049689441,0.12280701754385964,1.0
resnet18d_scratch,0,11196257,126.95365834236145,0.9825,0.9345794392523364,1.0,0.966183574879227,0.999825,0.98375,0.9389671361502347,1.0,0.9685230024213075,0.9998583333333333,0.9701492537313433,1.0,0.9629629629629629,0.8322981366459627,0.07017543859649122,0.9962264150943396
resnet18d_scratch,1,11196257,125.26398205757141,0.97875,0.9255813953488372,0.995,0.9590361445783132,0.9990166666666667,0.97625,0.9170506912442397,0.995,0.9544364508393285,0.9991000000000001,0.9502487562189055,1.0,0.9382716049382716,0.8322981366459627,0.07017543859649122,0.9962264150943396
resnet18d_scratch,2,11196257,125.48025417327881,0.98625,0.9478672985781991,1.0,0.9732360097323601,0.9997499999999999,0.9825,0.9345794392523364,1.0,0.966183574879227,0.9998083333333333,0.9601990049751243,1.0,0.9506172839506173,0.8322981366459627,0.05263157894736842,1.0
resnet18d_scratch,3,11196257,126.34774875640869,0.97125,0.8968609865470852,1.0,0.9456264775413712,0.9993916666666667,0.97,0.8928571428571429,1.0,0.9433962264150944,0.9996166666666667,0.9601990049751243,1.0,0.9506172839506173,0.8291925465838509,0.05263157894736842,0.9962264150943396
resnet18d_scratch,4,11196257,125.43838763237,0.9775,0.9174311926605505,1.0,0.9569377990430622,0.9994000000000001,0.9775,0.9174311926605505,1.0,0.9569377990430622,0.9995083333333333,0.9552238805970149,1.0,0.9444444444444444,0.8291925465838509,0.05263157894736842,0.9962264150943396
mnv3_pre,0,4203313,348.225713968277,0.995,0.9803921568627451,1.0,0.9900990099009901,0.9999416666666666,0.99875,0.9950248756218906,1.0,0.9975062344139651,1.0,0.9950248756218906,1.0,0.9938271604938271,0.8291925465838509,0.03508771929824561,1.0
mnv3_pre,1,4203313,221.83299922943115,0.99,0.9615384615384616,1.0,0.9803921568627451,0.9999583333333334,0.99125,0.966183574879227,1.0,0.9828009828009828,1.0,0.9850746268656716,1.0,0.9814814814814815,0.8260869565217391,0.03508771929824561,0.9962264150943396
mnv3_pre,2,4203313,214.07586407661438,0.9925,0.970873786407767,1.0,0.9852216748768473,1.0,0.9975,0.9900990099009901,1.0,0.9950248756218906,1.0,0.9850746268656716,1.0,0.9814814814814815,0.8354037267080745,0.07017543859649122,1.0
mnv3_pre,3,4203313,212.24900102615356,0.9925,0.970873786407767,1.0,0.9852216748768473,0.9997666666666666,0.99375,0.975609756097561,1.0,0.9876543209876543,0.9999916666666666,0.9751243781094527,1.0,0.9691358024691358,0.84472049689441,0.12280701754385964,1.0
mnv3_pre,4,4203313,208.27212643623352,0.9875,0.9567307692307693,0.995,0.9754901960784313,0.999475,0.99625,0.9852216748768473,1.0,0.9925558312655087,0.9999166666666667,0.9900497512437811,1.0,0.9876543209876543,0.8385093167701864,0.08771929824561403,1.0
