param_svc__C,param_svc__gamma,mean_test_score
1,scale,0.9864996234066012
1,0.0001,0.9785002472507182
1,0.0003,0.9867496859222302
1,0.001,0.9159999895026231
3,scale,0.9879994361408944
3,0.0001,0.9842498105785817
3,0.0003,0.9884995611721522
3,0.001,0.9212490528929084
10,scale,0.9879994361408944
10,0.0001,0.9837493106410036
10,0.0003,0.9884995611721522
10,0.001,0.9212490528929084
30,scale,0.9879994361408944
30,0.0001,0.9837493106410036
30,0.0003,0.9884995611721522
30,0.001,0.9212490528929084
100,scale,0.9879994361408944
100,0.0001,0.9837493106410036
100,0.0003,0.9884995611721522
100,0.001,0.9212490528929084
