modelo,acc,std
ResNet18-D ImageNet + puertos Maxar + TTA (final),0.99875,0.001118033988749871
ResNet18-D ImageNet + TTA,0.99875,0.001118033988749871
MobileNetV3-L ImageNet + TTA,0.9955,0.002692582403567273
HOG celda 16 px + color + LBP + SVM,0.99325,0.0042278836313219
HOG + color + LBP + SVM,0.989,0.0039843443626273
"HOG + color + LBP + SVM, malla de C y γ",0.989,0.0039843443626273
HOG + SVM,0.98875,0.0041833001326703
"CNN propia, 8 orientaciones + TTA",0.9877499999999999,0.00538516480713452
"CNN propia, sin aumento + TTA",0.984,0.005722761571129809
"CNN propia, aumento completo + TTA",0.9792500000000001,0.004227883631321943
ResNet18-D desde cero + TTA,0.978,0.004911720676097147
HOG + color + LBP + Random Forest,0.96725,0.0048347699014534
LBP + SVM,0.94625,0.0046097722286464
Píxeles + PCA + KNN (k = 5),0.93225,0.0056678920243772
Línea base: píxeles + regresión logística,0.93,0.0026220221204253
Color + SVM,0.7785,0.0101365674663566
